INSERT INTO driver (identifier, objective) VALUES ('bed1007d-84e9-4baf-adc2-f2a5504091af', 1000);
INSERT INTO location (id, name, latitude, longitude, driver_identifier) VALUES (0, 'ZMWMdgoGNY', 0.0, 0.0, 'bed1007d-84e9-4baf-adc2-f2a5504091af');
INSERT INTO location (id, name, latitude, longitude, driver_identifier) VALUES (1, 'WdtrBfNIxq', 0.0, 0.0, 'bed1007d-84e9-4baf-adc2-f2a5504091af');
INSERT INTO location (id, name, latitude, longitude, driver_identifier) VALUES (2, 'jjnnqlYCcu', 0.0, 0.0, 'bed1007d-84e9-4baf-adc2-f2a5504091af');
INSERT INTO location (id, name, latitude, longitude, driver_identifier) VALUES (3, 'VPinJNgOza', 0.0, 0.0, 'bed1007d-84e9-4baf-adc2-f2a5504091af');
INSERT INTO location (id, name, latitude, longitude, driver_identifier) VALUES (4, 'VEmDMHhLGZ', 0.0, 0.0, 'bed1007d-84e9-4baf-adc2-f2a5504091af');
INSERT INTO location (id, name, latitude, longitude, driver_identifier) VALUES (5, 'svdGTDezzv', 0.0, 0.0, 'bed1007d-84e9-4baf-adc2-f2a5504091af');
INSERT INTO location (id, name, latitude, longitude, driver_identifier) VALUES (6, 'VehcxLqMox', 0.0, 0.0, 'bed1007d-84e9-4baf-adc2-f2a5504091af');
INSERT INTO location (id, name, latitude, longitude, driver_identifier) VALUES (7, 'HheDCavnvG', 0.0, 0.0, 'bed1007d-84e9-4baf-adc2-f2a5504091af');
INSERT INTO location (id, name, latitude, longitude, driver_identifier) VALUES (8, 'cGuOjAWsvk', 0.0, 0.0, 'bed1007d-84e9-4baf-adc2-f2a5504091af');
INSERT INTO location (id, name, latitude, longitude, driver_identifier) VALUES (9, 'pwyjbPtDMX', 0.0, 0.0, 'bed1007d-84e9-4baf-adc2-f2a5504091af');
INSERT INTO location (id, name, latitude, longitude, driver_identifier) VALUES (10, 'NmzPFirwIK', 0.0, 0.0, 'bed1007d-84e9-4baf-adc2-f2a5504091af');
INSERT INTO location (id, name, latitude, longitude, driver_identifier) VALUES (11, 'QRVlbRmhqQ', 0.0, 0.0, 'bed1007d-84e9-4baf-adc2-f2a5504091af');
INSERT INTO location (id, name, latitude, longitude, driver_identifier) VALUES (12, 'rwUMGRVfgf', 0.0, 0.0, 'bed1007d-84e9-4baf-adc2-f2a5504091af');
INSERT INTO location (id, name, latitude, longitude, driver_identifier) VALUES (13, 'oGxdqyBtns', 0.0, 0.0, 'bed1007d-84e9-4baf-adc2-f2a5504091af');
INSERT INTO location (id, name, latitude, longitude, driver_identifier) VALUES (14, 'tfwytKEmzU', 0.0, 0.0, 'bed1007d-84e9-4baf-adc2-f2a5504091af');
INSERT INTO location (id, name, latitude, longitude, driver_identifier) VALUES (15, 'zxsEPVODBM', 0.0, 0.0, 'bed1007d-84e9-4baf-adc2-f2a5504091af');
alter sequence location_sequence restart with 16;
INSERT INTO stop (id, moment, odometer_value, location, driver_identifier) VALUES (0, {ts '2021-03-27 22:05:30.00'}, 1000, 13, 'bed1007d-84e9-4baf-adc2-f2a5504091af');
INSERT INTO stop (id, moment, odometer_value, location, driver_identifier) VALUES (1, {ts '2021-03-27 23:05:30.00'}, 1075, 13, 'bed1007d-84e9-4baf-adc2-f2a5504091af');
INSERT INTO ride (id, departure_id, arrival_id, comment, traffic_condition, driver_identifier) VALUES (0, 0, 1, 'comment', 1, 'bed1007d-84e9-4baf-adc2-f2a5504091af');
INSERT INTO stop (id, moment, odometer_value, location, driver_identifier) VALUES (2, {ts '2021-03-28 22:05:30.00'}, 1075, 15, 'bed1007d-84e9-4baf-adc2-f2a5504091af');
INSERT INTO stop (id, moment, odometer_value, location, driver_identifier) VALUES (3, {ts '2021-03-28 23:05:30.00'}, 1128, 15, 'bed1007d-84e9-4baf-adc2-f2a5504091af');
INSERT INTO ride (id, departure_id, arrival_id, comment, traffic_condition, driver_identifier) VALUES (1, 2, 3, 'comment', 1, 'bed1007d-84e9-4baf-adc2-f2a5504091af');
INSERT INTO stop (id, moment, odometer_value, location, driver_identifier) VALUES (4, {ts '2021-03-29 22:05:30.00'}, 1128, 10, 'bed1007d-84e9-4baf-adc2-f2a5504091af');
INSERT INTO stop (id, moment, odometer_value, location, driver_identifier) VALUES (5, {ts '2021-03-29 23:05:30.00'}, 1169, 10, 'bed1007d-84e9-4baf-adc2-f2a5504091af');
INSERT INTO ride (id, departure_id, arrival_id, comment, traffic_condition, driver_identifier) VALUES (2, 4, 5, 'comment', 1, 'bed1007d-84e9-4baf-adc2-f2a5504091af');
INSERT INTO stop (id, moment, odometer_value, location, driver_identifier) VALUES (6, {ts '2021-03-30 22:05:30.00'}, 1169, 6, 'bed1007d-84e9-4baf-adc2-f2a5504091af');
INSERT INTO stop (id, moment, odometer_value, location, driver_identifier) VALUES (7, {ts '2021-03-30 23:05:30.00'}, 1230, 6, 'bed1007d-84e9-4baf-adc2-f2a5504091af');
INSERT INTO ride (id, departure_id, arrival_id, comment, traffic_condition, driver_identifier) VALUES (3, 6, 7, 'comment', 1, 'bed1007d-84e9-4baf-adc2-f2a5504091af');
INSERT INTO stop (id, moment, odometer_value, location, driver_identifier) VALUES (8, {ts '2021-03-31 22:05:30.00'}, 1230, 14, 'bed1007d-84e9-4baf-adc2-f2a5504091af');
INSERT INTO stop (id, moment, odometer_value, location, driver_identifier) VALUES (9, {ts '2021-03-31 23:05:30.00'}, 1270, 14, 'bed1007d-84e9-4baf-adc2-f2a5504091af');
INSERT INTO ride (id, departure_id, arrival_id, comment, traffic_condition, driver_identifier) VALUES (4, 8, 9, 'comment', 1, 'bed1007d-84e9-4baf-adc2-f2a5504091af');
INSERT INTO stop (id, moment, odometer_value, location, driver_identifier) VALUES (10, {ts '2021-04-01 22:05:30.00'}, 1270, 0, 'bed1007d-84e9-4baf-adc2-f2a5504091af');
INSERT INTO stop (id, moment, odometer_value, location, driver_identifier) VALUES (11, {ts '2021-04-01 23:05:30.00'}, 1292, 0, 'bed1007d-84e9-4baf-adc2-f2a5504091af');
INSERT INTO ride (id, departure_id, arrival_id, comment, traffic_condition, driver_identifier) VALUES (5, 10, 11, 'comment', 1, 'bed1007d-84e9-4baf-adc2-f2a5504091af');
INSERT INTO stop (id, moment, odometer_value, location, driver_identifier) VALUES (12, {ts '2021-04-02 22:05:30.00'}, 1292, 9, 'bed1007d-84e9-4baf-adc2-f2a5504091af');
INSERT INTO stop (id, moment, odometer_value, location, driver_identifier) VALUES (13, {ts '2021-04-02 23:05:30.00'}, 1315, 9, 'bed1007d-84e9-4baf-adc2-f2a5504091af');
INSERT INTO ride (id, departure_id, arrival_id, comment, traffic_condition, driver_identifier) VALUES (6, 12, 13, 'comment', 1, 'bed1007d-84e9-4baf-adc2-f2a5504091af');
INSERT INTO stop (id, moment, odometer_value, location, driver_identifier) VALUES (14, {ts '2021-04-03 22:05:30.00'}, 1315, 12, 'bed1007d-84e9-4baf-adc2-f2a5504091af');
INSERT INTO stop (id, moment, odometer_value, location, driver_identifier) VALUES (15, {ts '2021-04-03 23:05:30.00'}, 1318, 12, 'bed1007d-84e9-4baf-adc2-f2a5504091af');
INSERT INTO ride (id, departure_id, arrival_id, comment, traffic_condition, driver_identifier) VALUES (7, 14, 15, 'comment', 1, 'bed1007d-84e9-4baf-adc2-f2a5504091af');
INSERT INTO stop (id, moment, odometer_value, location, driver_identifier) VALUES (16, {ts '2021-04-04 22:05:30.00'}, 1318, 12, 'bed1007d-84e9-4baf-adc2-f2a5504091af');
INSERT INTO stop (id, moment, odometer_value, location, driver_identifier) VALUES (17, {ts '2021-04-04 23:05:30.00'}, 1378, 12, 'bed1007d-84e9-4baf-adc2-f2a5504091af');
INSERT INTO ride (id, departure_id, arrival_id, comment, traffic_condition, driver_identifier) VALUES (8, 16, 17, 'comment', 1, 'bed1007d-84e9-4baf-adc2-f2a5504091af');
INSERT INTO stop (id, moment, odometer_value, location, driver_identifier) VALUES (18, {ts '2021-04-05 22:05:30.00'}, 1378, 6, 'bed1007d-84e9-4baf-adc2-f2a5504091af');
INSERT INTO stop (id, moment, odometer_value, location, driver_identifier) VALUES (19, {ts '2021-04-05 23:05:30.00'}, 1477, 6, 'bed1007d-84e9-4baf-adc2-f2a5504091af');
INSERT INTO ride (id, departure_id, arrival_id, comment, traffic_condition, driver_identifier) VALUES (9, 18, 19, 'comment', 1, 'bed1007d-84e9-4baf-adc2-f2a5504091af');
INSERT INTO stop (id, moment, odometer_value, location, driver_identifier) VALUES (20, {ts '2021-04-06 22:05:30.00'}, 1477, 8, 'bed1007d-84e9-4baf-adc2-f2a5504091af');
INSERT INTO stop (id, moment, odometer_value, location, driver_identifier) VALUES (21, {ts '2021-04-06 23:05:30.00'}, 1568, 8, 'bed1007d-84e9-4baf-adc2-f2a5504091af');
INSERT INTO ride (id, departure_id, arrival_id, comment, traffic_condition, driver_identifier) VALUES (10, 20, 21, 'comment', 1, 'bed1007d-84e9-4baf-adc2-f2a5504091af');
INSERT INTO stop (id, moment, odometer_value, location, driver_identifier) VALUES (22, {ts '2021-04-07 22:05:30.00'}, 1568, 6, 'bed1007d-84e9-4baf-adc2-f2a5504091af');
INSERT INTO stop (id, moment, odometer_value, location, driver_identifier) VALUES (23, {ts '2021-04-07 23:05:30.00'}, 1584, 6, 'bed1007d-84e9-4baf-adc2-f2a5504091af');
INSERT INTO ride (id, departure_id, arrival_id, comment, traffic_condition, driver_identifier) VALUES (11, 22, 23, 'comment', 1, 'bed1007d-84e9-4baf-adc2-f2a5504091af');
INSERT INTO stop (id, moment, odometer_value, location, driver_identifier) VALUES (24, {ts '2021-04-08 22:05:30.00'}, 1584, 6, 'bed1007d-84e9-4baf-adc2-f2a5504091af');
INSERT INTO stop (id, moment, odometer_value, location, driver_identifier) VALUES (25, {ts '2021-04-08 23:05:30.00'}, 1598, 6, 'bed1007d-84e9-4baf-adc2-f2a5504091af');
INSERT INTO ride (id, departure_id, arrival_id, comment, traffic_condition, driver_identifier) VALUES (12, 24, 25, 'comment', 1, 'bed1007d-84e9-4baf-adc2-f2a5504091af');
INSERT INTO stop (id, moment, odometer_value, location, driver_identifier) VALUES (26, {ts '2021-04-09 22:05:30.00'}, 1598, 10, 'bed1007d-84e9-4baf-adc2-f2a5504091af');
INSERT INTO stop (id, moment, odometer_value, location, driver_identifier) VALUES (27, {ts '2021-04-09 23:05:30.00'}, 1636, 10, 'bed1007d-84e9-4baf-adc2-f2a5504091af');
INSERT INTO ride (id, departure_id, arrival_id, comment, traffic_condition, driver_identifier) VALUES (13, 26, 27, 'comment', 1, 'bed1007d-84e9-4baf-adc2-f2a5504091af');
INSERT INTO stop (id, moment, odometer_value, location, driver_identifier) VALUES (28, {ts '2021-04-10 22:05:30.00'}, 1636, 0, 'bed1007d-84e9-4baf-adc2-f2a5504091af');
INSERT INTO stop (id, moment, odometer_value, location, driver_identifier) VALUES (29, {ts '2021-04-10 23:05:30.00'}, 1697, 0, 'bed1007d-84e9-4baf-adc2-f2a5504091af');
INSERT INTO ride (id, departure_id, arrival_id, comment, traffic_condition, driver_identifier) VALUES (14, 28, 29, 'comment', 1, 'bed1007d-84e9-4baf-adc2-f2a5504091af');
INSERT INTO stop (id, moment, odometer_value, location, driver_identifier) VALUES (30, {ts '2021-04-11 22:05:30.00'}, 1697, 2, 'bed1007d-84e9-4baf-adc2-f2a5504091af');
INSERT INTO stop (id, moment, odometer_value, location, driver_identifier) VALUES (31, {ts '2021-04-11 23:05:30.00'}, 1776, 2, 'bed1007d-84e9-4baf-adc2-f2a5504091af');
INSERT INTO ride (id, departure_id, arrival_id, comment, traffic_condition, driver_identifier) VALUES (15, 30, 31, 'comment', 1, 'bed1007d-84e9-4baf-adc2-f2a5504091af');
INSERT INTO stop (id, moment, odometer_value, location, driver_identifier) VALUES (32, {ts '2021-04-12 22:05:30.00'}, 1776, 15, 'bed1007d-84e9-4baf-adc2-f2a5504091af');
INSERT INTO stop (id, moment, odometer_value, location, driver_identifier) VALUES (33, {ts '2021-04-12 23:05:30.00'}, 1846, 15, 'bed1007d-84e9-4baf-adc2-f2a5504091af');
INSERT INTO ride (id, departure_id, arrival_id, comment, traffic_condition, driver_identifier) VALUES (16, 32, 33, 'comment', 1, 'bed1007d-84e9-4baf-adc2-f2a5504091af');
INSERT INTO stop (id, moment, odometer_value, location, driver_identifier) VALUES (34, {ts '2021-04-13 22:05:30.00'}, 1846, 2, 'bed1007d-84e9-4baf-adc2-f2a5504091af');
INSERT INTO stop (id, moment, odometer_value, location, driver_identifier) VALUES (35, {ts '2021-04-13 23:05:30.00'}, 1890, 2, 'bed1007d-84e9-4baf-adc2-f2a5504091af');
INSERT INTO ride (id, departure_id, arrival_id, comment, traffic_condition, driver_identifier) VALUES (17, 34, 35, 'comment', 1, 'bed1007d-84e9-4baf-adc2-f2a5504091af');
INSERT INTO stop (id, moment, odometer_value, location, driver_identifier) VALUES (36, {ts '2021-04-14 22:05:30.00'}, 1890, 2, 'bed1007d-84e9-4baf-adc2-f2a5504091af');
INSERT INTO stop (id, moment, odometer_value, location, driver_identifier) VALUES (37, {ts '2021-04-14 23:05:30.00'}, 1915, 2, 'bed1007d-84e9-4baf-adc2-f2a5504091af');
INSERT INTO ride (id, departure_id, arrival_id, comment, traffic_condition, driver_identifier) VALUES (18, 36, 37, 'comment', 1, 'bed1007d-84e9-4baf-adc2-f2a5504091af');
INSERT INTO stop (id, moment, odometer_value, location, driver_identifier) VALUES (38, {ts '2021-04-15 22:05:30.00'}, 1915, 4, 'bed1007d-84e9-4baf-adc2-f2a5504091af');
INSERT INTO stop (id, moment, odometer_value, location, driver_identifier) VALUES (39, {ts '2021-04-15 23:05:30.00'}, 2004, 4, 'bed1007d-84e9-4baf-adc2-f2a5504091af');
INSERT INTO ride (id, departure_id, arrival_id, comment, traffic_condition, driver_identifier) VALUES (19, 38, 39, 'comment', 1, 'bed1007d-84e9-4baf-adc2-f2a5504091af');
INSERT INTO stop (id, moment, odometer_value, location, driver_identifier) VALUES (40, {ts '2021-04-16 22:05:30.00'}, 2004, 7, 'bed1007d-84e9-4baf-adc2-f2a5504091af');
INSERT INTO stop (id, moment, odometer_value, location, driver_identifier) VALUES (41, {ts '2021-04-16 23:05:30.00'}, 2020, 7, 'bed1007d-84e9-4baf-adc2-f2a5504091af');
INSERT INTO ride (id, departure_id, arrival_id, comment, traffic_condition, driver_identifier) VALUES (20, 40, 41, 'comment', 1, 'bed1007d-84e9-4baf-adc2-f2a5504091af');
INSERT INTO stop (id, moment, odometer_value, location, driver_identifier) VALUES (42, {ts '2021-04-17 22:05:30.00'}, 2020, 0, 'bed1007d-84e9-4baf-adc2-f2a5504091af');
INSERT INTO stop (id, moment, odometer_value, location, driver_identifier) VALUES (43, {ts '2021-04-17 23:05:30.00'}, 2118, 0, 'bed1007d-84e9-4baf-adc2-f2a5504091af');
INSERT INTO ride (id, departure_id, arrival_id, comment, traffic_condition, driver_identifier) VALUES (21, 42, 43, 'comment', 1, 'bed1007d-84e9-4baf-adc2-f2a5504091af');
INSERT INTO stop (id, moment, odometer_value, location, driver_identifier) VALUES (44, {ts '2021-04-18 22:05:30.00'}, 2118, 13, 'bed1007d-84e9-4baf-adc2-f2a5504091af');
INSERT INTO stop (id, moment, odometer_value, location, driver_identifier) VALUES (45, {ts '2021-04-18 23:05:30.00'}, 2197, 13, 'bed1007d-84e9-4baf-adc2-f2a5504091af');
INSERT INTO ride (id, departure_id, arrival_id, comment, traffic_condition, driver_identifier) VALUES (22, 44, 45, 'comment', 1, 'bed1007d-84e9-4baf-adc2-f2a5504091af');
INSERT INTO stop (id, moment, odometer_value, location, driver_identifier) VALUES (46, {ts '2021-04-19 22:05:30.00'}, 2197, 9, 'bed1007d-84e9-4baf-adc2-f2a5504091af');
INSERT INTO stop (id, moment, odometer_value, location, driver_identifier) VALUES (47, {ts '2021-04-19 23:05:30.00'}, 2205, 9, 'bed1007d-84e9-4baf-adc2-f2a5504091af');
INSERT INTO ride (id, departure_id, arrival_id, comment, traffic_condition, driver_identifier) VALUES (23, 46, 47, 'comment', 1, 'bed1007d-84e9-4baf-adc2-f2a5504091af');
INSERT INTO stop (id, moment, odometer_value, location, driver_identifier) VALUES (48, {ts '2021-04-20 22:05:30.00'}, 2205, 12, 'bed1007d-84e9-4baf-adc2-f2a5504091af');
INSERT INTO stop (id, moment, odometer_value, location, driver_identifier) VALUES (49, {ts '2021-04-20 23:05:30.00'}, 2286, 12, 'bed1007d-84e9-4baf-adc2-f2a5504091af');
INSERT INTO ride (id, departure_id, arrival_id, comment, traffic_condition, driver_identifier) VALUES (24, 48, 49, 'comment', 1, 'bed1007d-84e9-4baf-adc2-f2a5504091af');
INSERT INTO stop (id, moment, odometer_value, location, driver_identifier) VALUES (50, {ts '2021-04-21 22:05:30.00'}, 2286, 1, 'bed1007d-84e9-4baf-adc2-f2a5504091af');
INSERT INTO stop (id, moment, odometer_value, location, driver_identifier) VALUES (51, {ts '2021-04-21 23:05:30.00'}, 2328, 1, 'bed1007d-84e9-4baf-adc2-f2a5504091af');
INSERT INTO ride (id, departure_id, arrival_id, comment, traffic_condition, driver_identifier) VALUES (25, 50, 51, 'comment', 1, 'bed1007d-84e9-4baf-adc2-f2a5504091af');
INSERT INTO stop (id, moment, odometer_value, location, driver_identifier) VALUES (52, {ts '2021-04-22 22:05:30.00'}, 2328, 11, 'bed1007d-84e9-4baf-adc2-f2a5504091af');
INSERT INTO stop (id, moment, odometer_value, location, driver_identifier) VALUES (53, {ts '2021-04-22 23:05:30.00'}, 2414, 11, 'bed1007d-84e9-4baf-adc2-f2a5504091af');
INSERT INTO ride (id, departure_id, arrival_id, comment, traffic_condition, driver_identifier) VALUES (26, 52, 53, 'comment', 1, 'bed1007d-84e9-4baf-adc2-f2a5504091af');
INSERT INTO stop (id, moment, odometer_value, location, driver_identifier) VALUES (54, {ts '2021-04-23 22:05:30.00'}, 2414, 0, 'bed1007d-84e9-4baf-adc2-f2a5504091af');
INSERT INTO stop (id, moment, odometer_value, location, driver_identifier) VALUES (55, {ts '2021-04-23 23:05:30.00'}, 2471, 0, 'bed1007d-84e9-4baf-adc2-f2a5504091af');
INSERT INTO ride (id, departure_id, arrival_id, comment, traffic_condition, driver_identifier) VALUES (27, 54, 55, 'comment', 1, 'bed1007d-84e9-4baf-adc2-f2a5504091af');
INSERT INTO stop (id, moment, odometer_value, location, driver_identifier) VALUES (56, {ts '2021-04-24 22:05:30.00'}, 2471, 12, 'bed1007d-84e9-4baf-adc2-f2a5504091af');
INSERT INTO stop (id, moment, odometer_value, location, driver_identifier) VALUES (57, {ts '2021-04-24 23:05:30.00'}, 2518, 12, 'bed1007d-84e9-4baf-adc2-f2a5504091af');
INSERT INTO ride (id, departure_id, arrival_id, comment, traffic_condition, driver_identifier) VALUES (28, 56, 57, 'comment', 1, 'bed1007d-84e9-4baf-adc2-f2a5504091af');
INSERT INTO stop (id, moment, odometer_value, location, driver_identifier) VALUES (58, {ts '2021-04-25 22:05:30.00'}, 2518, 3, 'bed1007d-84e9-4baf-adc2-f2a5504091af');
INSERT INTO stop (id, moment, odometer_value, location, driver_identifier) VALUES (59, {ts '2021-04-25 23:05:30.00'}, 2523, 3, 'bed1007d-84e9-4baf-adc2-f2a5504091af');
INSERT INTO ride (id, departure_id, arrival_id, comment, traffic_condition, driver_identifier) VALUES (29, 58, 59, 'comment', 1, 'bed1007d-84e9-4baf-adc2-f2a5504091af');
INSERT INTO stop (id, moment, odometer_value, location, driver_identifier) VALUES (60, {ts '2021-04-26 22:05:30.00'}, 2523, 3, 'bed1007d-84e9-4baf-adc2-f2a5504091af');
INSERT INTO stop (id, moment, odometer_value, location, driver_identifier) VALUES (61, {ts '2021-04-26 23:05:30.00'}, 2524, 3, 'bed1007d-84e9-4baf-adc2-f2a5504091af');
INSERT INTO ride (id, departure_id, arrival_id, comment, traffic_condition, driver_identifier) VALUES (30, 60, 61, 'comment', 1, 'bed1007d-84e9-4baf-adc2-f2a5504091af');
INSERT INTO stop (id, moment, odometer_value, location, driver_identifier) VALUES (62, {ts '2021-04-27 22:05:30.00'}, 2524, 8, 'bed1007d-84e9-4baf-adc2-f2a5504091af');
INSERT INTO stop (id, moment, odometer_value, location, driver_identifier) VALUES (63, {ts '2021-04-27 23:05:30.00'}, 2527, 8, 'bed1007d-84e9-4baf-adc2-f2a5504091af');
INSERT INTO ride (id, departure_id, arrival_id, comment, traffic_condition, driver_identifier) VALUES (31, 62, 63, 'comment', 1, 'bed1007d-84e9-4baf-adc2-f2a5504091af');
INSERT INTO stop (id, moment, odometer_value, location, driver_identifier) VALUES (64, {ts '2021-04-28 22:05:30.00'}, 2527, 2, 'bed1007d-84e9-4baf-adc2-f2a5504091af');
INSERT INTO stop (id, moment, odometer_value, location, driver_identifier) VALUES (65, {ts '2021-04-28 23:05:30.00'}, 2571, 2, 'bed1007d-84e9-4baf-adc2-f2a5504091af');
INSERT INTO ride (id, departure_id, arrival_id, comment, traffic_condition, driver_identifier) VALUES (32, 64, 65, 'comment', 1, 'bed1007d-84e9-4baf-adc2-f2a5504091af');
INSERT INTO stop (id, moment, odometer_value, location, driver_identifier) VALUES (66, {ts '2021-04-29 22:05:30.00'}, 2571, 15, 'bed1007d-84e9-4baf-adc2-f2a5504091af');
INSERT INTO stop (id, moment, odometer_value, location, driver_identifier) VALUES (67, {ts '2021-04-29 23:05:30.00'}, 2603, 15, 'bed1007d-84e9-4baf-adc2-f2a5504091af');
INSERT INTO ride (id, departure_id, arrival_id, comment, traffic_condition, driver_identifier) VALUES (33, 66, 67, 'comment', 1, 'bed1007d-84e9-4baf-adc2-f2a5504091af');
INSERT INTO stop (id, moment, odometer_value, location, driver_identifier) VALUES (68, {ts '2021-04-30 22:05:30.00'}, 2603, 8, 'bed1007d-84e9-4baf-adc2-f2a5504091af');
INSERT INTO stop (id, moment, odometer_value, location, driver_identifier) VALUES (69, {ts '2021-04-30 23:05:30.00'}, 2689, 8, 'bed1007d-84e9-4baf-adc2-f2a5504091af');
INSERT INTO ride (id, departure_id, arrival_id, comment, traffic_condition, driver_identifier) VALUES (34, 68, 69, 'comment', 1, 'bed1007d-84e9-4baf-adc2-f2a5504091af');
INSERT INTO stop (id, moment, odometer_value, location, driver_identifier) VALUES (70, {ts '2021-05-01 22:05:30.00'}, 2689, 15, 'bed1007d-84e9-4baf-adc2-f2a5504091af');
INSERT INTO stop (id, moment, odometer_value, location, driver_identifier) VALUES (71, {ts '2021-05-01 23:05:30.00'}, 2718, 15, 'bed1007d-84e9-4baf-adc2-f2a5504091af');
INSERT INTO ride (id, departure_id, arrival_id, comment, traffic_condition, driver_identifier) VALUES (35, 70, 71, 'comment', 1, 'bed1007d-84e9-4baf-adc2-f2a5504091af');
INSERT INTO stop (id, moment, odometer_value, location, driver_identifier) VALUES (72, {ts '2021-05-02 22:05:30.00'}, 2718, 9, 'bed1007d-84e9-4baf-adc2-f2a5504091af');
INSERT INTO stop (id, moment, odometer_value, location, driver_identifier) VALUES (73, {ts '2021-05-02 23:05:30.00'}, 2806, 9, 'bed1007d-84e9-4baf-adc2-f2a5504091af');
INSERT INTO ride (id, departure_id, arrival_id, comment, traffic_condition, driver_identifier) VALUES (36, 72, 73, 'comment', 1, 'bed1007d-84e9-4baf-adc2-f2a5504091af');
INSERT INTO stop (id, moment, odometer_value, location, driver_identifier) VALUES (74, {ts '2021-05-03 22:05:30.00'}, 2806, 9, 'bed1007d-84e9-4baf-adc2-f2a5504091af');
INSERT INTO stop (id, moment, odometer_value, location, driver_identifier) VALUES (75, {ts '2021-05-03 23:05:30.00'}, 2881, 9, 'bed1007d-84e9-4baf-adc2-f2a5504091af');
INSERT INTO ride (id, departure_id, arrival_id, comment, traffic_condition, driver_identifier) VALUES (37, 74, 75, 'comment', 1, 'bed1007d-84e9-4baf-adc2-f2a5504091af');
INSERT INTO stop (id, moment, odometer_value, location, driver_identifier) VALUES (76, {ts '2021-05-04 22:05:30.00'}, 2881, 9, 'bed1007d-84e9-4baf-adc2-f2a5504091af');
INSERT INTO stop (id, moment, odometer_value, location, driver_identifier) VALUES (77, {ts '2021-05-04 23:05:30.00'}, 2948, 9, 'bed1007d-84e9-4baf-adc2-f2a5504091af');
INSERT INTO ride (id, departure_id, arrival_id, comment, traffic_condition, driver_identifier) VALUES (38, 76, 77, 'comment', 1, 'bed1007d-84e9-4baf-adc2-f2a5504091af');
INSERT INTO stop (id, moment, odometer_value, location, driver_identifier) VALUES (78, {ts '2021-05-05 22:05:30.00'}, 2948, 13, 'bed1007d-84e9-4baf-adc2-f2a5504091af');
INSERT INTO stop (id, moment, odometer_value, location, driver_identifier) VALUES (79, {ts '2021-05-05 23:05:30.00'}, 3014, 13, 'bed1007d-84e9-4baf-adc2-f2a5504091af');
INSERT INTO ride (id, departure_id, arrival_id, comment, traffic_condition, driver_identifier) VALUES (39, 78, 79, 'comment', 1, 'bed1007d-84e9-4baf-adc2-f2a5504091af');
INSERT INTO stop (id, moment, odometer_value, location, driver_identifier) VALUES (80, {ts '2021-05-06 22:05:30.00'}, 3014, 8, 'bed1007d-84e9-4baf-adc2-f2a5504091af');
INSERT INTO stop (id, moment, odometer_value, location, driver_identifier) VALUES (81, {ts '2021-05-06 23:05:30.00'}, 3079, 8, 'bed1007d-84e9-4baf-adc2-f2a5504091af');
INSERT INTO ride (id, departure_id, arrival_id, comment, traffic_condition, driver_identifier) VALUES (40, 80, 81, 'comment', 1, 'bed1007d-84e9-4baf-adc2-f2a5504091af');
INSERT INTO stop (id, moment, odometer_value, location, driver_identifier) VALUES (82, {ts '2021-05-07 22:05:30.00'}, 3079, 2, 'bed1007d-84e9-4baf-adc2-f2a5504091af');
INSERT INTO stop (id, moment, odometer_value, location, driver_identifier) VALUES (83, {ts '2021-05-07 23:05:30.00'}, 3083, 2, 'bed1007d-84e9-4baf-adc2-f2a5504091af');
INSERT INTO ride (id, departure_id, arrival_id, comment, traffic_condition, driver_identifier) VALUES (41, 82, 83, 'comment', 1, 'bed1007d-84e9-4baf-adc2-f2a5504091af');
INSERT INTO stop (id, moment, odometer_value, location, driver_identifier) VALUES (84, {ts '2021-05-08 22:05:30.00'}, 3083, 4, 'bed1007d-84e9-4baf-adc2-f2a5504091af');
INSERT INTO stop (id, moment, odometer_value, location, driver_identifier) VALUES (85, {ts '2021-05-08 23:05:30.00'}, 3115, 4, 'bed1007d-84e9-4baf-adc2-f2a5504091af');
INSERT INTO ride (id, departure_id, arrival_id, comment, traffic_condition, driver_identifier) VALUES (42, 84, 85, 'comment', 1, 'bed1007d-84e9-4baf-adc2-f2a5504091af');
INSERT INTO stop (id, moment, odometer_value, location, driver_identifier) VALUES (86, {ts '2021-05-09 22:05:30.00'}, 3115, 6, 'bed1007d-84e9-4baf-adc2-f2a5504091af');
INSERT INTO stop (id, moment, odometer_value, location, driver_identifier) VALUES (87, {ts '2021-05-09 23:05:30.00'}, 3211, 6, 'bed1007d-84e9-4baf-adc2-f2a5504091af');
INSERT INTO ride (id, departure_id, arrival_id, comment, traffic_condition, driver_identifier) VALUES (43, 86, 87, 'comment', 1, 'bed1007d-84e9-4baf-adc2-f2a5504091af');
INSERT INTO stop (id, moment, odometer_value, location, driver_identifier) VALUES (88, {ts '2021-05-10 22:05:30.00'}, 3211, 10, 'bed1007d-84e9-4baf-adc2-f2a5504091af');
INSERT INTO stop (id, moment, odometer_value, location, driver_identifier) VALUES (89, {ts '2021-05-10 23:05:30.00'}, 3275, 10, 'bed1007d-84e9-4baf-adc2-f2a5504091af');
INSERT INTO ride (id, departure_id, arrival_id, comment, traffic_condition, driver_identifier) VALUES (44, 88, 89, 'comment', 1, 'bed1007d-84e9-4baf-adc2-f2a5504091af');
INSERT INTO stop (id, moment, odometer_value, location, driver_identifier) VALUES (90, {ts '2021-05-11 22:05:30.00'}, 3275, 9, 'bed1007d-84e9-4baf-adc2-f2a5504091af');
INSERT INTO stop (id, moment, odometer_value, location, driver_identifier) VALUES (91, {ts '2021-05-11 23:05:30.00'}, 3365, 9, 'bed1007d-84e9-4baf-adc2-f2a5504091af');
INSERT INTO ride (id, departure_id, arrival_id, comment, traffic_condition, driver_identifier) VALUES (45, 90, 91, 'comment', 1, 'bed1007d-84e9-4baf-adc2-f2a5504091af');
INSERT INTO stop (id, moment, odometer_value, location, driver_identifier) VALUES (92, {ts '2021-05-12 22:05:30.00'}, 3365, 1, 'bed1007d-84e9-4baf-adc2-f2a5504091af');
INSERT INTO stop (id, moment, odometer_value, location, driver_identifier) VALUES (93, {ts '2021-05-12 23:05:30.00'}, 3396, 1, 'bed1007d-84e9-4baf-adc2-f2a5504091af');
INSERT INTO ride (id, departure_id, arrival_id, comment, traffic_condition, driver_identifier) VALUES (46, 92, 93, 'comment', 1, 'bed1007d-84e9-4baf-adc2-f2a5504091af');
INSERT INTO stop (id, moment, odometer_value, location, driver_identifier) VALUES (94, {ts '2021-05-13 22:05:30.00'}, 3396, 1, 'bed1007d-84e9-4baf-adc2-f2a5504091af');
INSERT INTO stop (id, moment, odometer_value, location, driver_identifier) VALUES (95, {ts '2021-05-13 23:05:30.00'}, 3413, 1, 'bed1007d-84e9-4baf-adc2-f2a5504091af');
INSERT INTO ride (id, departure_id, arrival_id, comment, traffic_condition, driver_identifier) VALUES (47, 94, 95, 'comment', 1, 'bed1007d-84e9-4baf-adc2-f2a5504091af');
INSERT INTO stop (id, moment, odometer_value, location, driver_identifier) VALUES (96, {ts '2021-05-14 22:05:30.00'}, 3413, 11, 'bed1007d-84e9-4baf-adc2-f2a5504091af');
INSERT INTO stop (id, moment, odometer_value, location, driver_identifier) VALUES (97, {ts '2021-05-14 23:05:30.00'}, 3495, 11, 'bed1007d-84e9-4baf-adc2-f2a5504091af');
INSERT INTO ride (id, departure_id, arrival_id, comment, traffic_condition, driver_identifier) VALUES (48, 96, 97, 'comment', 1, 'bed1007d-84e9-4baf-adc2-f2a5504091af');
INSERT INTO stop (id, moment, odometer_value, location, driver_identifier) VALUES (98, {ts '2021-05-15 22:05:30.00'}, 3495, 7, 'bed1007d-84e9-4baf-adc2-f2a5504091af');
INSERT INTO stop (id, moment, odometer_value, location, driver_identifier) VALUES (99, {ts '2021-05-15 23:05:30.00'}, 3592, 7, 'bed1007d-84e9-4baf-adc2-f2a5504091af');
INSERT INTO ride (id, departure_id, arrival_id, comment, traffic_condition, driver_identifier) VALUES (49, 98, 99, 'comment', 1, 'bed1007d-84e9-4baf-adc2-f2a5504091af');
INSERT INTO stop (id, moment, odometer_value, location, driver_identifier) VALUES (100, {ts '2021-05-16 22:05:30.00'}, 3592, 0, 'bed1007d-84e9-4baf-adc2-f2a5504091af');
INSERT INTO stop (id, moment, odometer_value, location, driver_identifier) VALUES (101, {ts '2021-05-16 23:05:30.00'}, 3689, 0, 'bed1007d-84e9-4baf-adc2-f2a5504091af');
INSERT INTO ride (id, departure_id, arrival_id, comment, traffic_condition, driver_identifier) VALUES (50, 100, 101, 'comment', 1, 'bed1007d-84e9-4baf-adc2-f2a5504091af');
INSERT INTO stop (id, moment, odometer_value, location, driver_identifier) VALUES (102, {ts '2021-05-17 22:05:30.00'}, 3689, 6, 'bed1007d-84e9-4baf-adc2-f2a5504091af');
INSERT INTO stop (id, moment, odometer_value, location, driver_identifier) VALUES (103, {ts '2021-05-17 23:05:30.00'}, 3710, 6, 'bed1007d-84e9-4baf-adc2-f2a5504091af');
INSERT INTO ride (id, departure_id, arrival_id, comment, traffic_condition, driver_identifier) VALUES (51, 102, 103, 'comment', 1, 'bed1007d-84e9-4baf-adc2-f2a5504091af');
INSERT INTO stop (id, moment, odometer_value, location, driver_identifier) VALUES (104, {ts '2021-05-18 22:05:30.00'}, 3710, 4, 'bed1007d-84e9-4baf-adc2-f2a5504091af');
INSERT INTO stop (id, moment, odometer_value, location, driver_identifier) VALUES (105, {ts '2021-05-18 23:05:30.00'}, 3802, 4, 'bed1007d-84e9-4baf-adc2-f2a5504091af');
INSERT INTO ride (id, departure_id, arrival_id, comment, traffic_condition, driver_identifier) VALUES (52, 104, 105, 'comment', 1, 'bed1007d-84e9-4baf-adc2-f2a5504091af');
INSERT INTO stop (id, moment, odometer_value, location, driver_identifier) VALUES (106, {ts '2021-05-19 22:05:30.00'}, 3802, 1, 'bed1007d-84e9-4baf-adc2-f2a5504091af');
INSERT INTO stop (id, moment, odometer_value, location, driver_identifier) VALUES (107, {ts '2021-05-19 23:05:30.00'}, 3836, 1, 'bed1007d-84e9-4baf-adc2-f2a5504091af');
INSERT INTO ride (id, departure_id, arrival_id, comment, traffic_condition, driver_identifier) VALUES (53, 106, 107, 'comment', 1, 'bed1007d-84e9-4baf-adc2-f2a5504091af');
INSERT INTO stop (id, moment, odometer_value, location, driver_identifier) VALUES (108, {ts '2021-05-20 22:05:30.00'}, 3836, 13, 'bed1007d-84e9-4baf-adc2-f2a5504091af');
INSERT INTO stop (id, moment, odometer_value, location, driver_identifier) VALUES (109, {ts '2021-05-20 23:05:30.00'}, 3916, 13, 'bed1007d-84e9-4baf-adc2-f2a5504091af');
INSERT INTO ride (id, departure_id, arrival_id, comment, traffic_condition, driver_identifier) VALUES (54, 108, 109, 'comment', 1, 'bed1007d-84e9-4baf-adc2-f2a5504091af');
INSERT INTO stop (id, moment, odometer_value, location, driver_identifier) VALUES (110, {ts '2021-05-21 22:05:30.00'}, 3916, 14, 'bed1007d-84e9-4baf-adc2-f2a5504091af');
INSERT INTO stop (id, moment, odometer_value, location, driver_identifier) VALUES (111, {ts '2021-05-21 23:05:30.00'}, 3920, 14, 'bed1007d-84e9-4baf-adc2-f2a5504091af');
INSERT INTO ride (id, departure_id, arrival_id, comment, traffic_condition, driver_identifier) VALUES (55, 110, 111, 'comment', 1, 'bed1007d-84e9-4baf-adc2-f2a5504091af');
INSERT INTO stop (id, moment, odometer_value, location, driver_identifier) VALUES (112, {ts '2021-05-22 22:05:30.00'}, 3920, 15, 'bed1007d-84e9-4baf-adc2-f2a5504091af');
INSERT INTO stop (id, moment, odometer_value, location, driver_identifier) VALUES (113, {ts '2021-05-22 23:05:30.00'}, 3959, 15, 'bed1007d-84e9-4baf-adc2-f2a5504091af');
INSERT INTO ride (id, departure_id, arrival_id, comment, traffic_condition, driver_identifier) VALUES (56, 112, 113, 'comment', 1, 'bed1007d-84e9-4baf-adc2-f2a5504091af');
INSERT INTO stop (id, moment, odometer_value, location, driver_identifier) VALUES (114, {ts '2021-05-23 22:05:30.00'}, 3959, 12, 'bed1007d-84e9-4baf-adc2-f2a5504091af');
INSERT INTO stop (id, moment, odometer_value, location, driver_identifier) VALUES (115, {ts '2021-05-23 23:05:30.00'}, 4040, 12, 'bed1007d-84e9-4baf-adc2-f2a5504091af');
INSERT INTO ride (id, departure_id, arrival_id, comment, traffic_condition, driver_identifier) VALUES (57, 114, 115, 'comment', 1, 'bed1007d-84e9-4baf-adc2-f2a5504091af');
INSERT INTO stop (id, moment, odometer_value, location, driver_identifier) VALUES (116, {ts '2021-05-24 22:05:30.00'}, 4040, 1, 'bed1007d-84e9-4baf-adc2-f2a5504091af');
INSERT INTO stop (id, moment, odometer_value, location, driver_identifier) VALUES (117, {ts '2021-05-24 23:05:30.00'}, 4093, 1, 'bed1007d-84e9-4baf-adc2-f2a5504091af');
INSERT INTO ride (id, departure_id, arrival_id, comment, traffic_condition, driver_identifier) VALUES (58, 116, 117, 'comment', 1, 'bed1007d-84e9-4baf-adc2-f2a5504091af');
INSERT INTO stop (id, moment, odometer_value, location, driver_identifier) VALUES (118, {ts '2021-05-25 22:05:30.00'}, 4093, 11, 'bed1007d-84e9-4baf-adc2-f2a5504091af');
INSERT INTO stop (id, moment, odometer_value, location, driver_identifier) VALUES (119, {ts '2021-05-25 23:05:30.00'}, 4171, 11, 'bed1007d-84e9-4baf-adc2-f2a5504091af');
INSERT INTO ride (id, departure_id, arrival_id, comment, traffic_condition, driver_identifier) VALUES (59, 118, 119, 'comment', 1, 'bed1007d-84e9-4baf-adc2-f2a5504091af');
INSERT INTO stop (id, moment, odometer_value, location, driver_identifier) VALUES (120, {ts '2021-05-26 22:05:30.00'}, 4171, 12, 'bed1007d-84e9-4baf-adc2-f2a5504091af');
INSERT INTO stop (id, moment, odometer_value, location, driver_identifier) VALUES (121, {ts '2021-05-26 23:05:30.00'}, 4191, 12, 'bed1007d-84e9-4baf-adc2-f2a5504091af');
INSERT INTO ride (id, departure_id, arrival_id, comment, traffic_condition, driver_identifier) VALUES (60, 120, 121, 'comment', 1, 'bed1007d-84e9-4baf-adc2-f2a5504091af');
INSERT INTO stop (id, moment, odometer_value, location, driver_identifier) VALUES (122, {ts '2021-05-27 22:05:30.00'}, 4191, 11, 'bed1007d-84e9-4baf-adc2-f2a5504091af');
INSERT INTO stop (id, moment, odometer_value, location, driver_identifier) VALUES (123, {ts '2021-05-27 23:05:30.00'}, 4232, 11, 'bed1007d-84e9-4baf-adc2-f2a5504091af');
INSERT INTO ride (id, departure_id, arrival_id, comment, traffic_condition, driver_identifier) VALUES (61, 122, 123, 'comment', 1, 'bed1007d-84e9-4baf-adc2-f2a5504091af');
INSERT INTO stop (id, moment, odometer_value, location, driver_identifier) VALUES (124, {ts '2021-05-28 22:05:30.00'}, 4232, 8, 'bed1007d-84e9-4baf-adc2-f2a5504091af');
INSERT INTO stop (id, moment, odometer_value, location, driver_identifier) VALUES (125, {ts '2021-05-28 23:05:30.00'}, 4250, 8, 'bed1007d-84e9-4baf-adc2-f2a5504091af');
INSERT INTO ride (id, departure_id, arrival_id, comment, traffic_condition, driver_identifier) VALUES (62, 124, 125, 'comment', 1, 'bed1007d-84e9-4baf-adc2-f2a5504091af');
INSERT INTO stop (id, moment, odometer_value, location, driver_identifier) VALUES (126, {ts '2021-05-29 22:05:30.00'}, 4250, 4, 'bed1007d-84e9-4baf-adc2-f2a5504091af');
INSERT INTO stop (id, moment, odometer_value, location, driver_identifier) VALUES (127, {ts '2021-05-29 23:05:30.00'}, 4312, 4, 'bed1007d-84e9-4baf-adc2-f2a5504091af');
INSERT INTO ride (id, departure_id, arrival_id, comment, traffic_condition, driver_identifier) VALUES (63, 126, 127, 'comment', 1, 'bed1007d-84e9-4baf-adc2-f2a5504091af');
INSERT INTO stop (id, moment, odometer_value, location, driver_identifier) VALUES (128, {ts '2021-05-30 22:05:30.00'}, 4312, 2, 'bed1007d-84e9-4baf-adc2-f2a5504091af');
INSERT INTO stop (id, moment, odometer_value, location, driver_identifier) VALUES (129, {ts '2021-05-30 23:05:30.00'}, 4411, 2, 'bed1007d-84e9-4baf-adc2-f2a5504091af');
INSERT INTO ride (id, departure_id, arrival_id, comment, traffic_condition, driver_identifier) VALUES (64, 128, 129, 'comment', 1, 'bed1007d-84e9-4baf-adc2-f2a5504091af');
INSERT INTO stop (id, moment, odometer_value, location, driver_identifier) VALUES (130, {ts '2021-05-31 22:05:30.00'}, 4411, 12, 'bed1007d-84e9-4baf-adc2-f2a5504091af');
INSERT INTO stop (id, moment, odometer_value, location, driver_identifier) VALUES (131, {ts '2021-05-31 23:05:30.00'}, 4438, 12, 'bed1007d-84e9-4baf-adc2-f2a5504091af');
INSERT INTO ride (id, departure_id, arrival_id, comment, traffic_condition, driver_identifier) VALUES (65, 130, 131, 'comment', 1, 'bed1007d-84e9-4baf-adc2-f2a5504091af');
INSERT INTO stop (id, moment, odometer_value, location, driver_identifier) VALUES (132, {ts '2021-06-01 22:05:30.00'}, 4438, 0, 'bed1007d-84e9-4baf-adc2-f2a5504091af');
INSERT INTO stop (id, moment, odometer_value, location, driver_identifier) VALUES (133, {ts '2021-06-01 23:05:30.00'}, 4495, 0, 'bed1007d-84e9-4baf-adc2-f2a5504091af');
INSERT INTO ride (id, departure_id, arrival_id, comment, traffic_condition, driver_identifier) VALUES (66, 132, 133, 'comment', 1, 'bed1007d-84e9-4baf-adc2-f2a5504091af');
INSERT INTO stop (id, moment, odometer_value, location, driver_identifier) VALUES (134, {ts '2021-06-02 22:05:30.00'}, 4495, 15, 'bed1007d-84e9-4baf-adc2-f2a5504091af');
INSERT INTO stop (id, moment, odometer_value, location, driver_identifier) VALUES (135, {ts '2021-06-02 23:05:30.00'}, 4589, 15, 'bed1007d-84e9-4baf-adc2-f2a5504091af');
INSERT INTO ride (id, departure_id, arrival_id, comment, traffic_condition, driver_identifier) VALUES (67, 134, 135, 'comment', 1, 'bed1007d-84e9-4baf-adc2-f2a5504091af');
INSERT INTO stop (id, moment, odometer_value, location, driver_identifier) VALUES (136, {ts '2021-06-03 22:05:30.00'}, 4589, 11, 'bed1007d-84e9-4baf-adc2-f2a5504091af');
INSERT INTO stop (id, moment, odometer_value, location, driver_identifier) VALUES (137, {ts '2021-06-03 23:05:30.00'}, 4670, 11, 'bed1007d-84e9-4baf-adc2-f2a5504091af');
INSERT INTO ride (id, departure_id, arrival_id, comment, traffic_condition, driver_identifier) VALUES (68, 136, 137, 'comment', 1, 'bed1007d-84e9-4baf-adc2-f2a5504091af');
INSERT INTO stop (id, moment, odometer_value, location, driver_identifier) VALUES (138, {ts '2021-06-04 22:05:30.00'}, 4670, 8, 'bed1007d-84e9-4baf-adc2-f2a5504091af');
INSERT INTO stop (id, moment, odometer_value, location, driver_identifier) VALUES (139, {ts '2021-06-04 23:05:30.00'}, 4707, 8, 'bed1007d-84e9-4baf-adc2-f2a5504091af');
INSERT INTO ride (id, departure_id, arrival_id, comment, traffic_condition, driver_identifier) VALUES (69, 138, 139, 'comment', 1, 'bed1007d-84e9-4baf-adc2-f2a5504091af');
INSERT INTO stop (id, moment, odometer_value, location, driver_identifier) VALUES (140, {ts '2021-06-05 22:05:30.00'}, 4707, 10, 'bed1007d-84e9-4baf-adc2-f2a5504091af');
INSERT INTO stop (id, moment, odometer_value, location, driver_identifier) VALUES (141, {ts '2021-06-05 23:05:30.00'}, 4789, 10, 'bed1007d-84e9-4baf-adc2-f2a5504091af');
INSERT INTO ride (id, departure_id, arrival_id, comment, traffic_condition, driver_identifier) VALUES (70, 140, 141, 'comment', 1, 'bed1007d-84e9-4baf-adc2-f2a5504091af');
INSERT INTO stop (id, moment, odometer_value, location, driver_identifier) VALUES (142, {ts '2021-06-06 22:05:30.00'}, 4789, 8, 'bed1007d-84e9-4baf-adc2-f2a5504091af');
INSERT INTO stop (id, moment, odometer_value, location, driver_identifier) VALUES (143, {ts '2021-06-06 23:05:30.00'}, 4888, 8, 'bed1007d-84e9-4baf-adc2-f2a5504091af');
INSERT INTO ride (id, departure_id, arrival_id, comment, traffic_condition, driver_identifier) VALUES (71, 142, 143, 'comment', 1, 'bed1007d-84e9-4baf-adc2-f2a5504091af');
INSERT INTO stop (id, moment, odometer_value, location, driver_identifier) VALUES (144, {ts '2021-06-07 22:05:30.00'}, 4888, 10, 'bed1007d-84e9-4baf-adc2-f2a5504091af');
INSERT INTO stop (id, moment, odometer_value, location, driver_identifier) VALUES (145, {ts '2021-06-07 23:05:30.00'}, 4923, 10, 'bed1007d-84e9-4baf-adc2-f2a5504091af');
INSERT INTO ride (id, departure_id, arrival_id, comment, traffic_condition, driver_identifier) VALUES (72, 144, 145, 'comment', 1, 'bed1007d-84e9-4baf-adc2-f2a5504091af');
INSERT INTO stop (id, moment, odometer_value, location, driver_identifier) VALUES (146, {ts '2021-06-08 22:05:30.00'}, 4923, 11, 'bed1007d-84e9-4baf-adc2-f2a5504091af');
INSERT INTO stop (id, moment, odometer_value, location, driver_identifier) VALUES (147, {ts '2021-06-08 23:05:30.00'}, 4988, 11, 'bed1007d-84e9-4baf-adc2-f2a5504091af');
INSERT INTO ride (id, departure_id, arrival_id, comment, traffic_condition, driver_identifier) VALUES (73, 146, 147, 'comment', 1, 'bed1007d-84e9-4baf-adc2-f2a5504091af');
INSERT INTO stop (id, moment, odometer_value, location, driver_identifier) VALUES (148, {ts '2021-06-09 22:05:30.00'}, 4988, 14, 'bed1007d-84e9-4baf-adc2-f2a5504091af');
INSERT INTO stop (id, moment, odometer_value, location, driver_identifier) VALUES (149, {ts '2021-06-09 23:05:30.00'}, 5048, 14, 'bed1007d-84e9-4baf-adc2-f2a5504091af');
INSERT INTO ride (id, departure_id, arrival_id, comment, traffic_condition, driver_identifier) VALUES (74, 148, 149, 'comment', 1, 'bed1007d-84e9-4baf-adc2-f2a5504091af');
INSERT INTO stop (id, moment, odometer_value, location, driver_identifier) VALUES (150, {ts '2021-06-10 22:05:30.00'}, 5048, 4, 'bed1007d-84e9-4baf-adc2-f2a5504091af');
INSERT INTO stop (id, moment, odometer_value, location, driver_identifier) VALUES (151, {ts '2021-06-10 23:05:30.00'}, 5083, 4, 'bed1007d-84e9-4baf-adc2-f2a5504091af');
INSERT INTO ride (id, departure_id, arrival_id, comment, traffic_condition, driver_identifier) VALUES (75, 150, 151, 'comment', 1, 'bed1007d-84e9-4baf-adc2-f2a5504091af');
INSERT INTO stop (id, moment, odometer_value, location, driver_identifier) VALUES (152, {ts '2021-06-11 22:05:30.00'}, 5083, 3, 'bed1007d-84e9-4baf-adc2-f2a5504091af');
INSERT INTO stop (id, moment, odometer_value, location, driver_identifier) VALUES (153, {ts '2021-06-11 23:05:30.00'}, 5181, 3, 'bed1007d-84e9-4baf-adc2-f2a5504091af');
INSERT INTO ride (id, departure_id, arrival_id, comment, traffic_condition, driver_identifier) VALUES (76, 152, 153, 'comment', 1, 'bed1007d-84e9-4baf-adc2-f2a5504091af');
INSERT INTO stop (id, moment, odometer_value, location, driver_identifier) VALUES (154, {ts '2021-06-12 22:05:30.00'}, 5181, 13, 'bed1007d-84e9-4baf-adc2-f2a5504091af');
INSERT INTO stop (id, moment, odometer_value, location, driver_identifier) VALUES (155, {ts '2021-06-12 23:05:30.00'}, 5212, 13, 'bed1007d-84e9-4baf-adc2-f2a5504091af');
INSERT INTO ride (id, departure_id, arrival_id, comment, traffic_condition, driver_identifier) VALUES (77, 154, 155, 'comment', 1, 'bed1007d-84e9-4baf-adc2-f2a5504091af');
INSERT INTO stop (id, moment, odometer_value, location, driver_identifier) VALUES (156, {ts '2021-06-13 22:05:30.00'}, 5212, 14, 'bed1007d-84e9-4baf-adc2-f2a5504091af');
INSERT INTO stop (id, moment, odometer_value, location, driver_identifier) VALUES (157, {ts '2021-06-13 23:05:30.00'}, 5214, 14, 'bed1007d-84e9-4baf-adc2-f2a5504091af');
INSERT INTO ride (id, departure_id, arrival_id, comment, traffic_condition, driver_identifier) VALUES (78, 156, 157, 'comment', 1, 'bed1007d-84e9-4baf-adc2-f2a5504091af');
INSERT INTO stop (id, moment, odometer_value, location, driver_identifier) VALUES (158, {ts '2021-06-14 22:05:30.00'}, 5214, 5, 'bed1007d-84e9-4baf-adc2-f2a5504091af');
INSERT INTO stop (id, moment, odometer_value, location, driver_identifier) VALUES (159, {ts '2021-06-14 23:05:30.00'}, 5280, 5, 'bed1007d-84e9-4baf-adc2-f2a5504091af');
INSERT INTO ride (id, departure_id, arrival_id, comment, traffic_condition, driver_identifier) VALUES (79, 158, 159, 'comment', 1, 'bed1007d-84e9-4baf-adc2-f2a5504091af');
INSERT INTO stop (id, moment, odometer_value, location, driver_identifier) VALUES (160, {ts '2021-06-15 22:05:30.00'}, 5280, 13, 'bed1007d-84e9-4baf-adc2-f2a5504091af');
INSERT INTO stop (id, moment, odometer_value, location, driver_identifier) VALUES (161, {ts '2021-06-15 23:05:30.00'}, 5292, 13, 'bed1007d-84e9-4baf-adc2-f2a5504091af');
INSERT INTO ride (id, departure_id, arrival_id, comment, traffic_condition, driver_identifier) VALUES (80, 160, 161, 'comment', 1, 'bed1007d-84e9-4baf-adc2-f2a5504091af');
INSERT INTO stop (id, moment, odometer_value, location, driver_identifier) VALUES (162, {ts '2021-06-16 22:05:30.00'}, 5292, 15, 'bed1007d-84e9-4baf-adc2-f2a5504091af');
INSERT INTO stop (id, moment, odometer_value, location, driver_identifier) VALUES (163, {ts '2021-06-16 23:05:30.00'}, 5304, 15, 'bed1007d-84e9-4baf-adc2-f2a5504091af');
INSERT INTO ride (id, departure_id, arrival_id, comment, traffic_condition, driver_identifier) VALUES (81, 162, 163, 'comment', 1, 'bed1007d-84e9-4baf-adc2-f2a5504091af');
INSERT INTO stop (id, moment, odometer_value, location, driver_identifier) VALUES (164, {ts '2021-06-17 22:05:30.00'}, 5304, 15, 'bed1007d-84e9-4baf-adc2-f2a5504091af');
INSERT INTO stop (id, moment, odometer_value, location, driver_identifier) VALUES (165, {ts '2021-06-17 23:05:30.00'}, 5326, 15, 'bed1007d-84e9-4baf-adc2-f2a5504091af');
INSERT INTO ride (id, departure_id, arrival_id, comment, traffic_condition, driver_identifier) VALUES (82, 164, 165, 'comment', 1, 'bed1007d-84e9-4baf-adc2-f2a5504091af');
INSERT INTO stop (id, moment, odometer_value, location, driver_identifier) VALUES (166, {ts '2021-06-18 22:05:30.00'}, 5326, 14, 'bed1007d-84e9-4baf-adc2-f2a5504091af');
INSERT INTO stop (id, moment, odometer_value, location, driver_identifier) VALUES (167, {ts '2021-06-18 23:05:30.00'}, 5404, 14, 'bed1007d-84e9-4baf-adc2-f2a5504091af');
INSERT INTO ride (id, departure_id, arrival_id, comment, traffic_condition, driver_identifier) VALUES (83, 166, 167, 'comment', 1, 'bed1007d-84e9-4baf-adc2-f2a5504091af');
INSERT INTO stop (id, moment, odometer_value, location, driver_identifier) VALUES (168, {ts '2021-06-19 22:05:30.00'}, 5404, 0, 'bed1007d-84e9-4baf-adc2-f2a5504091af');
INSERT INTO stop (id, moment, odometer_value, location, driver_identifier) VALUES (169, {ts '2021-06-19 23:05:30.00'}, 5407, 0, 'bed1007d-84e9-4baf-adc2-f2a5504091af');
INSERT INTO ride (id, departure_id, arrival_id, comment, traffic_condition, driver_identifier) VALUES (84, 168, 169, 'comment', 1, 'bed1007d-84e9-4baf-adc2-f2a5504091af');
INSERT INTO stop (id, moment, odometer_value, location, driver_identifier) VALUES (170, {ts '2021-06-20 22:05:30.00'}, 5407, 13, 'bed1007d-84e9-4baf-adc2-f2a5504091af');
INSERT INTO stop (id, moment, odometer_value, location, driver_identifier) VALUES (171, {ts '2021-06-20 23:05:30.00'}, 5477, 13, 'bed1007d-84e9-4baf-adc2-f2a5504091af');
INSERT INTO ride (id, departure_id, arrival_id, comment, traffic_condition, driver_identifier) VALUES (85, 170, 171, 'comment', 1, 'bed1007d-84e9-4baf-adc2-f2a5504091af');
INSERT INTO stop (id, moment, odometer_value, location, driver_identifier) VALUES (172, {ts '2021-06-21 22:05:30.00'}, 5477, 3, 'bed1007d-84e9-4baf-adc2-f2a5504091af');
INSERT INTO stop (id, moment, odometer_value, location, driver_identifier) VALUES (173, {ts '2021-06-21 23:05:30.00'}, 5514, 3, 'bed1007d-84e9-4baf-adc2-f2a5504091af');
INSERT INTO ride (id, departure_id, arrival_id, comment, traffic_condition, driver_identifier) VALUES (86, 172, 173, 'comment', 1, 'bed1007d-84e9-4baf-adc2-f2a5504091af');
INSERT INTO stop (id, moment, odometer_value, location, driver_identifier) VALUES (174, {ts '2021-06-22 22:05:30.00'}, 5514, 13, 'bed1007d-84e9-4baf-adc2-f2a5504091af');
INSERT INTO stop (id, moment, odometer_value, location, driver_identifier) VALUES (175, {ts '2021-06-22 23:05:30.00'}, 5522, 13, 'bed1007d-84e9-4baf-adc2-f2a5504091af');
INSERT INTO ride (id, departure_id, arrival_id, comment, traffic_condition, driver_identifier) VALUES (87, 174, 175, 'comment', 1, 'bed1007d-84e9-4baf-adc2-f2a5504091af');
INSERT INTO stop (id, moment, odometer_value, location, driver_identifier) VALUES (176, {ts '2021-06-23 22:05:30.00'}, 5522, 14, 'bed1007d-84e9-4baf-adc2-f2a5504091af');
INSERT INTO stop (id, moment, odometer_value, location, driver_identifier) VALUES (177, {ts '2021-06-23 23:05:30.00'}, 5607, 14, 'bed1007d-84e9-4baf-adc2-f2a5504091af');
INSERT INTO ride (id, departure_id, arrival_id, comment, traffic_condition, driver_identifier) VALUES (88, 176, 177, 'comment', 1, 'bed1007d-84e9-4baf-adc2-f2a5504091af');
INSERT INTO stop (id, moment, odometer_value, location, driver_identifier) VALUES (178, {ts '2021-06-24 22:05:30.00'}, 5607, 2, 'bed1007d-84e9-4baf-adc2-f2a5504091af');
INSERT INTO stop (id, moment, odometer_value, location, driver_identifier) VALUES (179, {ts '2021-06-24 23:05:30.00'}, 5626, 2, 'bed1007d-84e9-4baf-adc2-f2a5504091af');
INSERT INTO ride (id, departure_id, arrival_id, comment, traffic_condition, driver_identifier) VALUES (89, 178, 179, 'comment', 1, 'bed1007d-84e9-4baf-adc2-f2a5504091af');
INSERT INTO stop (id, moment, odometer_value, location, driver_identifier) VALUES (180, {ts '2021-06-25 22:05:30.00'}, 5626, 15, 'bed1007d-84e9-4baf-adc2-f2a5504091af');
INSERT INTO stop (id, moment, odometer_value, location, driver_identifier) VALUES (181, {ts '2021-06-25 23:05:30.00'}, 5651, 15, 'bed1007d-84e9-4baf-adc2-f2a5504091af');
INSERT INTO ride (id, departure_id, arrival_id, comment, traffic_condition, driver_identifier) VALUES (90, 180, 181, 'comment', 1, 'bed1007d-84e9-4baf-adc2-f2a5504091af');
INSERT INTO stop (id, moment, odometer_value, location, driver_identifier) VALUES (182, {ts '2021-06-26 22:05:30.00'}, 5651, 4, 'bed1007d-84e9-4baf-adc2-f2a5504091af');
INSERT INTO stop (id, moment, odometer_value, location, driver_identifier) VALUES (183, {ts '2021-06-26 23:05:30.00'}, 5690, 4, 'bed1007d-84e9-4baf-adc2-f2a5504091af');
INSERT INTO ride (id, departure_id, arrival_id, comment, traffic_condition, driver_identifier) VALUES (91, 182, 183, 'comment', 1, 'bed1007d-84e9-4baf-adc2-f2a5504091af');
INSERT INTO stop (id, moment, odometer_value, location, driver_identifier) VALUES (184, {ts '2021-06-27 22:05:30.00'}, 5690, 4, 'bed1007d-84e9-4baf-adc2-f2a5504091af');
INSERT INTO stop (id, moment, odometer_value, location, driver_identifier) VALUES (185, {ts '2021-06-27 23:05:30.00'}, 5707, 4, 'bed1007d-84e9-4baf-adc2-f2a5504091af');
INSERT INTO ride (id, departure_id, arrival_id, comment, traffic_condition, driver_identifier) VALUES (92, 184, 185, 'comment', 1, 'bed1007d-84e9-4baf-adc2-f2a5504091af');
INSERT INTO stop (id, moment, odometer_value, location, driver_identifier) VALUES (186, {ts '2021-06-28 22:05:30.00'}, 5707, 1, 'bed1007d-84e9-4baf-adc2-f2a5504091af');
INSERT INTO stop (id, moment, odometer_value, location, driver_identifier) VALUES (187, {ts '2021-06-28 23:05:30.00'}, 5757, 1, 'bed1007d-84e9-4baf-adc2-f2a5504091af');
INSERT INTO ride (id, departure_id, arrival_id, comment, traffic_condition, driver_identifier) VALUES (93, 186, 187, 'comment', 1, 'bed1007d-84e9-4baf-adc2-f2a5504091af');
INSERT INTO stop (id, moment, odometer_value, location, driver_identifier) VALUES (188, {ts '2021-06-29 22:05:30.00'}, 5757, 11, 'bed1007d-84e9-4baf-adc2-f2a5504091af');
INSERT INTO stop (id, moment, odometer_value, location, driver_identifier) VALUES (189, {ts '2021-06-29 23:05:30.00'}, 5807, 11, 'bed1007d-84e9-4baf-adc2-f2a5504091af');
INSERT INTO ride (id, departure_id, arrival_id, comment, traffic_condition, driver_identifier) VALUES (94, 188, 189, 'comment', 1, 'bed1007d-84e9-4baf-adc2-f2a5504091af');
INSERT INTO stop (id, moment, odometer_value, location, driver_identifier) VALUES (190, {ts '2021-06-30 22:05:30.00'}, 5807, 14, 'bed1007d-84e9-4baf-adc2-f2a5504091af');
INSERT INTO stop (id, moment, odometer_value, location, driver_identifier) VALUES (191, {ts '2021-06-30 23:05:30.00'}, 5891, 14, 'bed1007d-84e9-4baf-adc2-f2a5504091af');
INSERT INTO ride (id, departure_id, arrival_id, comment, traffic_condition, driver_identifier) VALUES (95, 190, 191, 'comment', 1, 'bed1007d-84e9-4baf-adc2-f2a5504091af');
INSERT INTO stop (id, moment, odometer_value, location, driver_identifier) VALUES (192, {ts '2021-07-01 22:05:30.00'}, 5891, 7, 'bed1007d-84e9-4baf-adc2-f2a5504091af');
INSERT INTO stop (id, moment, odometer_value, location, driver_identifier) VALUES (193, {ts '2021-07-01 23:05:30.00'}, 5902, 7, 'bed1007d-84e9-4baf-adc2-f2a5504091af');
INSERT INTO ride (id, departure_id, arrival_id, comment, traffic_condition, driver_identifier) VALUES (96, 192, 193, 'comment', 1, 'bed1007d-84e9-4baf-adc2-f2a5504091af');
INSERT INTO stop (id, moment, odometer_value, location, driver_identifier) VALUES (194, {ts '2021-07-02 22:05:30.00'}, 5902, 3, 'bed1007d-84e9-4baf-adc2-f2a5504091af');
INSERT INTO stop (id, moment, odometer_value, location, driver_identifier) VALUES (195, {ts '2021-07-02 23:05:30.00'}, 5940, 3, 'bed1007d-84e9-4baf-adc2-f2a5504091af');
INSERT INTO ride (id, departure_id, arrival_id, comment, traffic_condition, driver_identifier) VALUES (97, 194, 195, 'comment', 1, 'bed1007d-84e9-4baf-adc2-f2a5504091af');
INSERT INTO stop (id, moment, odometer_value, location, driver_identifier) VALUES (196, {ts '2021-07-03 22:05:30.00'}, 5940, 6, 'bed1007d-84e9-4baf-adc2-f2a5504091af');
INSERT INTO stop (id, moment, odometer_value, location, driver_identifier) VALUES (197, {ts '2021-07-03 23:05:30.00'}, 5975, 6, 'bed1007d-84e9-4baf-adc2-f2a5504091af');
INSERT INTO ride (id, departure_id, arrival_id, comment, traffic_condition, driver_identifier) VALUES (98, 196, 197, 'comment', 1, 'bed1007d-84e9-4baf-adc2-f2a5504091af');
INSERT INTO stop (id, moment, odometer_value, location, driver_identifier) VALUES (198, {ts '2021-07-04 22:05:30.00'}, 5975, 6, 'bed1007d-84e9-4baf-adc2-f2a5504091af');
INSERT INTO stop (id, moment, odometer_value, location, driver_identifier) VALUES (199, {ts '2021-07-04 23:05:30.00'}, 6074, 6, 'bed1007d-84e9-4baf-adc2-f2a5504091af');
INSERT INTO ride (id, departure_id, arrival_id, comment, traffic_condition, driver_identifier) VALUES (99, 198, 199, 'comment', 1, 'bed1007d-84e9-4baf-adc2-f2a5504091af');
INSERT INTO stop (id, moment, odometer_value, location, driver_identifier) VALUES (200, {ts '2021-07-05 22:05:30.00'}, 6074, 15, 'bed1007d-84e9-4baf-adc2-f2a5504091af');
INSERT INTO stop (id, moment, odometer_value, location, driver_identifier) VALUES (201, {ts '2021-07-05 23:05:30.00'}, 6121, 15, 'bed1007d-84e9-4baf-adc2-f2a5504091af');
INSERT INTO ride (id, departure_id, arrival_id, comment, traffic_condition, driver_identifier) VALUES (100, 200, 201, 'comment', 1, 'bed1007d-84e9-4baf-adc2-f2a5504091af');
alter sequence ride_sequence restart with 101;
alter sequence stop_sequence restart with 203;